{"MusicVolume":0.18383440375328065,"SoundsVolume":0.5794013738632202}