{"MusicVolume":0.5418469309806824,"SoundsVolume":0.5794013738632202}